Date,Provider Org Code,Provider Org Name,Total All,New_RTT_Periods,Completed_RTT_Pathways
2026-06-01,A0C5S,SPAMEDICA GLOUCESTER,90,134.0,250.0
2026-06-01,A1D1B,SPAMEDICA WEMBLEY,356,316.0,548.0
2026-06-01,A1U4J,SPAMEDICA PORTSMOUTH,176,136.0,220.0
2026-06-01,A4M8P,BUCKSHAW HOSPITAL,3169,1544.0,772.0
2026-06-01,A4Q9X,NEWMEDICA LEICESTER,952,570.0,552.0
2026-06-01,AAH,TETBURY HOSPITAL TRUST LTD,275,852.0,1004.0
2026-06-01,AAV,COMMUNITY HEALTH AND EYECARE LIMITED,5432,4654.0,5182.0
2026-06-01,ACG08,NEWMEDICA OPHTHALMOLOGY - NUNEATON - CAMP HILL - GP LED HEALTH CENTRE,10,68.0,66.0
2026-06-01,ACG12,NEWMEDICA COMMUNITY OPHTHALMOLOGY - NORTH EAST LINCOLNSHIRE - GRIMSBY,981,508.0,478.0
2026-06-01,ACG13,NEWMEDICA - GLOUCESTER (ASPEN MEDICAL CENTRE),520,292.0,192.0
2026-06-01,ACG19,NEWMEDICA COMMUNITY OPHTHALMOLOGY - LEEDS,701,430.0,402.0
2026-06-01,ACG20,NEWMEDICA - BRISTOL - LITFIELD HOUSE,367,398.0,360.0
2026-06-01,ACG22,NEWMEDICA - BRIGG - RIVERSIDE SURGERY,751,462.0,400.0
2026-06-01,ACG24,NEWMEDICA - TEESSIDE - NORTH ORMESBY,1631,838.0,870.0
2026-06-01,ACG26,NEWMEDICA - NORTH DERBYSHIRE - MIDLAND COURT,1207,1214.0,1260.0
2026-06-01,ACG30,NEWMEDICA - WORKSOP - DUKERIES,181,214.0,170.0
2026-06-01,ACG31,NEWMEDICA - WORCESTER,966,974.0,794.0
2026-06-01,ACG36,NEWMEDICA - EXETER - GLEN HOUSE,459,210.0,364.0
2026-06-01,ACG37,NEWMEDICA - IPSWICH,1143,726.0,902.0
2026-06-01,ACG38,NEWMEDICA - LANGFORD,421,258.0,262.0
2026-06-01,ACG40,NEWMEDICA - WAKEFIELD,580,362.0,400.0
2026-06-01,ACM,EYE CARE MEDICAL LTD,5,42.0,38.0
2026-06-01,ADP02,KIMS HOSPITAL (NEWNHAM COURT),1285,1034.0,924.0
2026-06-01,AHP,ST MICHAEL'S CLINIC LIMITED,1755,422.0,642.0
2026-06-01,AJ8,THE GRANGE MEDICAL CENTRE HQ,231,254.0,210.0
2026-06-01,AQK,VERNOVA HEALTHCARE COMMUNITY INTEREST COMPANY,329,170.0,118.0
2026-06-01,AY1,MEDEFER,403,452.0,220.0
2026-06-01,B1A5K,NEWMEDICA - NOTTINGHAM,760,748.0,692.0
2026-06-01,B3M1X,CLAREMONT PRIVATE HOSPITAL,3172,1094.0,1030.0
2026-06-01,B4N1U,SPAMEDICA ROMFORD,849,582.0,678.0
2026-06-01,B5M7B,NEWMEDICA - NORWICH,1664,1100.0,1156.0
2026-06-01,B9J4U,SPAMEDICA PETERBOROUGH,398,398.0,590.0
2026-06-01,B9M3W,SPAMEDICA SOUTHAMPTON,357,256.0,312.0
2026-06-01,C3Y0A,SPAMEDICA BLACKPOOL,248,248.0,194.0
2026-06-01,C5Y9L,NEWMEDICA - BERKSHIRE - BRACKNELL,124,34.0,70.0
2026-06-01,C9A7J,NEWMEDICA - BRADFORD & HUDDERSFIELD,834,456.0,480.0
2026-06-01,D3O0Z,PLYMOUTH NEWMEDICA LTD,711,424.0,532.0
2026-06-01,D5P5H,SPAMEDICA BEXHILL,194,308.0,524.0
2026-06-01,DFQ,NORWICH & NORFOLK SURGICAL LTD (N2S),1096,806.0,992.0
2026-06-01,DFY01,COTSWOLDS SURGICAL PARTNERS,282,266.0,350.0
2026-06-01,DTT,PHOENIX PUBLIC HEALTH LTD,196,150.0,116.0
2026-06-01,DX1,THE NEW FOSCOTE HOSPITAL LTD,408,280.0,344.0
2026-06-01,DXV,OMNES HEALTHCARE LTD,12206,6842.0,1082.0
2026-06-01,E1U4T,SPAMEDICA CARLISLE,812,526.0,556.0
2026-06-01,E3D4A,SPAMEDICA TRURO,291,310.0,426.0
2026-06-01,F0R0W,NEWMEDICA - DARLINGTON,73,28.0,36.0
2026-06-01,F1Y1H,NEWMEDICA - CHESHIRE OAKS,468,314.0,312.0
2026-06-01,F7F6D,NEWMEDICA - HERTFORSHIRE - WELWYN GARDEN CITY,1167,438.0,300.0
2026-06-01,F9Z4V,CIRCLE READING HOSPITAL,1694,938.0,862.0
2026-06-01,G3O5P,SPAMEDICA NEWARK,486,406.0,532.0
2026-06-01,G3Q3Z,NUFFIELD HEALTH HIGHGATE HOSPITAL,1164,1212.0,742.0
2026-06-01,G3Z1Q,SULIS HOSPITAL BATH (FOXCOTE AVENUE),3895,2096.0,1578.0
2026-06-01,G4H0I,NEWMEDICA SUFFOLK - BURY ST EDMUNDS - CLARITY HOUSE,581,494.0,616.0
2026-06-01,G5X2Q,SPAMEDICA NORTH TYNESIDE,452,336.0,252.0
2026-06-01,G6S7A,SPAMEDICA TAUNTON,725,514.0,502.0
2026-06-01,H1T2P,SPAMEDICA SWINDON,123,144.0,130.0
2026-06-01,H2K1G,NEWMEDICA - BROMSGROVE,476,402.0,310.0
2026-06-01,H4I8B,NUFFIELD HEALTH THE HOLLY HOSPITAL,4148,2928.0,2376.0
2026-06-01,H4J9P,NEWMEDICA AZTEC WEST,787,680.0,610.0
2026-06-01,I1H7K,SPAMEDICA SALE,246,168.0,208.0
2026-06-01,I2C7H,SPAMEDICA BRADFORD,303,172.0,100.0
2026-06-01,I9A4A,SPAMEDICA BRIGHTON,213,294.0,492.0
2026-06-01,J2H6H,SPAMEDICA COLCHESTER,151,134.0,214.0
2026-06-01,J3J8Z,NEWMEDICA - OXFORDSHIRE,1032,592.0,568.0
2026-06-01,J3X4C,SPAMEDICA WORCESTER,422,316.0,334.0
2026-06-01,J7V1N,SPAMEDICA SOLIHULL,419,260.0,370.0
2026-06-01,K8I4X,GLENDON WOOD HOSPITAL,1591,814.0,488.0
2026-06-01,K9J3O,SPAMEDICA LUTON,262,344.0,434.0
2026-06-01,L0D9W,NEWMEDICA - GLOUCESTER (BRIGHOUSE COURT),1051,780.0,1150.0
2026-06-01,L4R3R,NEWMEDICA - HAMPSHIRE,2125,826.0,1188.0
2026-06-01,L6O7H,SPAMEDICA POOLE,980,808.0,876.0
2026-06-01,L9D3Z,SPAMEDICA LEICESTER,309,170.0,274.0
2026-06-01,M0N7E,SPAMEDICA SITTINGBOURNE,184,204.0,336.0
2026-06-01,M2Y6D,PRACTICE PLUS GROUP HOSPITAL BIRMINGHAM,1761,1000.0,608.0
2026-06-01,M3R0W,SPAMEDICA NORWICH,252,208.0,336.0
2026-06-01,M4C5R,NEWMEDICA - NORTHAMPTON,1223,682.0,1038.0
2026-06-01,M5E1S,SPAMEDICA EXETER,350,278.0,230.0
2026-06-01,M7C9Q,SPAMEDICA EPSOM,298,326.0,624.0
2026-06-01,M9U8M,ENDOCARE DIAGNOSTICS LTD,56,326.0,352.0
2026-06-01,N6Z0R,NEWMEDICA - LINCOLN,31,16.0,10.0
2026-06-01,N8R1N,NEWMEDICA - BERKSHIRE,1325,622.0,796.0
2026-06-01,NAM01,PROBUS SURGICAL CENTRE,802,812.0,932.0
2026-06-01,NCN,DMC HEALTHCARE,2638,5312.0,5942.0
2026-06-01,NCR,ISIGHT,1285,670.0,788.0
2026-06-01,NDJ,FIRST COMMUNITY HEALTH AND CARE CIC,960,978.0,912.0
2026-06-01,NEQ,PHOENIX HEALTH SOLUTIONS LIMITED HQ,569,754.0,770.0
2026-06-01,NEY,PIONEER HEALTHCARE LIMITED,106,44.0,54.0
2026-06-01,NFH,SOMERSET SURGICAL SERVICES HQ,1532,684.0,830.0
2026-06-01,NL3,CARE PLUS GROUP,246,254.0,222.0
2026-06-01,NL8,LOCALA COMMUNITY PARTNERSHIPS CIC,1431,934.0,244.0
2026-06-01,NLE01,LANCASTER HOUSE CONSULTING DIAGNOSTICS SURGICAL LTD HQ,1263,470.0,286.0
2026-06-01,NLX,SIRONA CARE & HEALTH,3861,4704.0,5316.0
2026-06-01,NN4,TYNESIDE SURGICAL SERVICES LTD,1508,1154.0,1010.0
2026-06-01,NN5,MANCHESTER SURGICAL SERVICES LTD,417,302.0,246.0
2026-06-01,NN8,SPENCER PRIVATE HOSPITALS LTD,3606,1318.0,422.0
2026-06-01,NNE,DORKING HEALTHCARE LIMITED (DHC),6110,3852.0,3134.0
2026-06-01,NPG01,SPAMEDICA MANCHESTER,291,258.0,362.0
2026-06-01,NPG02,SPAMEDICA WIRRAL,417,390.0,480.0
2026-06-01,NPG06,SPAMEDICA LIVERPOOL,490,498.0,520.0
2026-06-01,NPG07,SPAMEDICA EYE HOSPITAL (WAKEFIELD),783,584.0,362.0
2026-06-01,NPG08,SPAMEDICA BOLTON,620,652.0,814.0
2026-06-01,NPG10,SPAMEDICA SHEFFIELD,465,408.0,248.0
2026-06-01,NPG11,SPAMEDICA BIRMINGHAM,795,704.0,624.0
2026-06-01,NPG13,SPAMEDICA SKELMERSDALE,130,116.0,166.0
2026-06-01,NPG14,SPAMEDICA WIDNES,344,342.0,306.0
2026-06-01,NPG15,SPAMEDICA NEWCASTLE-UNDER-LYME,209,240.0,358.0
2026-06-01,NPG16,SPAMEDICA CHELMSFORD,669,602.0,986.0
2026-06-01,NPG17,SPAMEDICA PRESTON,349,408.0,472.0
2026-06-01,NPG18,SPAMEDICA HULL,521,388.0,406.0
2026-06-01,NPG19,SPAMEDICA BEDFORD,290,342.0,514.0
2026-06-01,NPG20,SPAMEDICA WOLVERHAMPTON,781,562.0,578.0
2026-06-01,NPG21,SPAMEDICA COVENTRY,799,536.0,356.0
2026-06-01,NPG22,SPAMEDICA STOCKTON-ON-TEES,492,386.0,302.0
2026-06-01,NPG23,SPAMEDICA DERBY,436,508.0,690.0
2026-06-01,NPR01,ABOUT HEALTH HQ,1588,3570.0,2986.0
2026-06-01,NQH,NOVUS HEALTH LTD,916,1294.0,1114.0
2026-06-01,NQM01,ORTHOPAEDICS & SPINE SPECIALIST HOSPITAL SITE,174,100.0,106.0
2026-06-01,NQX,PROVIDE ENTERPRISES,251,226.0,248.0
2026-06-01,NR5,LIVEWELL SOUTHWEST,64,74.0,84.0
2026-06-01,NRF,UNIVERSITY OF SOUTHAMPTON AUDITORY IMPLANT SERVICE,189,144.0,120.0
2026-06-01,NRL,HEART NETWORKS,591,1014.0,1160.0
2026-06-01,NRP,BEACON MEDICAL SERVICES GROUP LIMITED,4392,4066.0,2472.0
2026-06-01,NT202,"NUFFIELD HEALTH, BOURNEMOUTH HOSPITAL",420,238.0,162.0
2026-06-01,NT205,"NUFFIELD HEALTH, BRIGHTON HOSPITAL",781,258.0,230.0
2026-06-01,NT206,"NUFFIELD HEALTH, BRISTOL HOSPITAL (CHESTERFIELD)",571,404.0,466.0
2026-06-01,NT209,"NUFFIELD HEALTH, CAMBRIDGE HOSPITAL",205,116.0,96.0
2026-06-01,NT210,"NUFFIELD HEALTH, THE GROSVENOR HOSPITAL, CHESTER",468,258.0,314.0
2026-06-01,NT212,"NUFFIELD HEALTH, CHICHESTER HOSPITAL",470,236.0,210.0
2026-06-01,NT213,"NUFFIELD HEALTH, DERBY HOSPITAL",1104,322.0,424.0
2026-06-01,NT214,"NUFFIELD HEALTH, WESSEX HOSPITAL",561,216.0,282.0
2026-06-01,NT215,"NUFFIELD HEALTH, EXETER HOSPITAL",363,208.0,136.0
2026-06-01,NT218,"NUFFIELD HEALTH, HAYWARDS HEATH HOSPITAL",430,190.0,166.0
2026-06-01,NT219,"NUFFIELD HEALTH, HEREFORD HOSPITAL",386,274.0,264.0
2026-06-01,NT224,"NUFFIELD HEALTH, WARWICKSHIRE HOSPITAL",435,238.0,196.0
2026-06-01,NT226,"NUFFIELD HEALTH, LEICESTER HOSPITAL",450,416.0,414.0
2026-06-01,NT229,"NUFFIELD HEALTH, NEWCASTLE UPON TYNE HOSPITAL",425,282.0,252.0
2026-06-01,NT230,"NUFFIELD HEALTH, NORTH STAFFORDSHIRE HOSPITAL",1071,336.0,496.0
2026-06-01,NT233,"NUFFIELD HEALTH, PLYMOUTH HOSPITAL",1008,664.0,522.0
2026-06-01,NT235,"NUFFIELD HEALTH, SHREWSBURY HOSPITAL",636,352.0,282.0
2026-06-01,NT237,"NUFFIELD HEALTH, TEES HOSPITAL",1783,872.0,456.0
2026-06-01,NT238,"NUFFIELD HEALTH, TAUNTON HOSPITAL",580,136.0,186.0
2026-06-01,NT239,"NUFFIELD HEALTH, TUNBRIDGE WELLS HOSPITAL",87,106.0,108.0
2026-06-01,NT241,"NUFFIELD HEALTH, WOKING HOSPITAL",340,188.0,262.0
2026-06-01,NT242,"NUFFIELD HEALTH, WOLVERHAMPTON HOSPITAL",499,298.0,188.0
2026-06-01,NT244,NUFFIELD HOSPITAL OXFORD (THE MANOR),113,72.0,52.0
2026-06-01,NT245,"NUFFIELD HEALTH, YORK HOSPITAL",1358,574.0,428.0
2026-06-01,NT301,SPIRE SOUTH BANK HOSPITAL,657,282.0,376.0
2026-06-01,NT302,SPIRE BRISTOL HOSPITAL,800,130.0,434.0
2026-06-01,NT304,SPIRE SOUTHAMPTON HOSPITAL,180,68.0,190.0
2026-06-01,NT305,SPIRE PORTSMOUTH HOSPITAL,426,64.0,256.0
2026-06-01,NT308,SPIRE GATWICK PARK HOSPITAL,1417,562.0,434.0
2026-06-01,NT30A,SPIRE NOTTINGHAM HOSPITAL,652,318.0,300.0
2026-06-01,NT312,SPIRE ALEXANDRA HOSPITAL,1402,690.0,946.0
2026-06-01,NT313,SPIRE WELLESLEY HOSPITAL,1070,216.0,624.0
2026-06-01,NT314,SPIRE LONDON EAST,3521,924.0,1572.0
2026-06-01,NT315,SPIRE BUSHEY HOSPITAL,1138,746.0,540.0
2026-06-01,NT316,SPIRE HARPENDEN HOSPITAL,679,386.0,824.0
2026-06-01,NT317,SPIRE CAMBRIDGE LEA HOSPITAL,428,130.0,230.0
2026-06-01,NT318,SPIRE NORWICH HOSPITAL,765,84.0,408.0
2026-06-01,NT319,SPIRE HARTSWOOD HOSPITAL,954,320.0,744.0
2026-06-01,NT320,SPIRE PARKWAY HOSPITAL,1226,552.0,628.0
2026-06-01,NT321,SPIRE LITTLE ASTON HOSPITAL,1375,822.0,838.0
2026-06-01,NT322,SPIRE LEICESTER HOSPITAL,639,460.0,312.0
2026-06-01,NT324,SPIRE CHESHIRE HOSPITAL,1070,558.0,824.0
2026-06-01,NT325,SPIRE MURRAYFIELD HOSPITAL,782,480.0,838.0
2026-06-01,NT327,SPIRE MANCHESTER HOSPITAL,639,460.0,312.0
2026-06-01,NT332,SPIRE LEEDS HOSPITAL,884,504.0,480.0
2026-06-01,NT333,SPIRE WASHINGTON HOSPITAL,2132,876.0,880.0
2026-06-01,NT337,SPIRE LIVERPOOL HOSPITAL,2173,964.0,1292.0
2026-06-01,NT339,SPIRE REGENCY HOSPITAL,2197,950.0,700.0
2026-06-01,NT343,SPIRE THAMES VALLEY HOSPITAL,364,58.0,108.0
2026-06-01,NT344,SPIRE DUNEDIN HOSPITAL,293,92.0,162.0
2026-06-01,NT345,SPIRE CLARE PARK HOSPITAL,309,118.0,156.0
2026-06-01,NT347,SPIRE FYLDE COAST HOSPITAL,3410,912.0,1342.0
2026-06-01,NT348,SPIRE ELLAND HOSPITAL,1294,716.0,1054.0
2026-06-01,NT350,SPIRE METHLEY PARK HOSPITAL,935,720.0,894.0
2026-06-01,NT351,SPIRE HULL AND EAST RIDING HOSPITAL,2910,1118.0,1420.0
2026-06-01,NT364,SPIRE MONTEFIORE HOSPITAL,665,100.0,370.0
2026-06-01,NT3X3,SPIRE ST ANTHONY'S HOSPITAL,1017,484.0,212.0
2026-06-01,NT401,ALEXANDRA HOSPITAL,579,282.0,364.0
2026-06-01,NT402,BATH CLINIC,696,402.0,446.0
2026-06-01,NT403,BEARDWOOD HOSPITAL,2121,1276.0,1428.0
2026-06-01,NT404,BEAUMONT HOSPITAL,3498,1602.0,1472.0
2026-06-01,NT405,BISHOPS WOOD HOSPITAL,657,588.0,456.0
2026-06-01,NT406,BLACKHEATH HOSPITAL,1321,842.0,872.0
2026-06-01,NT408,CHAUCER HOSPITAL,869,502.0,566.0
2026-06-01,NT409,CHELSFIELD PARK HOSPITAL,720,524.0,558.0
2026-06-01,NT410,CHILTERN HOSPITAL,415,324.0,292.0
2026-06-01,NT411,CLEMENTINE CHURCHILL HOSPITAL,2145,1982.0,1650.0
2026-06-01,NT412,DROITWICH SPA HOSPITAL,1110,580.0,774.0
2026-06-01,NT416,HENDON HOSPITAL,1143,870.0,1062.0
2026-06-01,NT417,GORING HALL HOSPITAL,906,488.0,310.0
2026-06-01,NT418,HAMPSHIRE CLINIC,364,166.0,156.0
2026-06-01,NT419,HARBOUR HOSPITAL,170,52.0,80.0
2026-06-01,NT420,HIGHFIELD HOSPITAL,1083,472.0,560.0
2026-06-01,NT421,KINGS OAK HOSPITAL,1464,878.0,812.0
2026-06-01,NT422,LONDON INDEPENDENT HOSPITAL,4005,2502.0,2406.0
2026-06-01,NT423,MANOR HOSPITAL,696,144.0,208.0
2026-06-01,NT424,MERIDEN HOSPITAL,1897,1670.0,1548.0
2026-06-01,NT427,PARK HOSPITAL,2377,1172.0,886.0
2026-06-01,NT428,PRINCESS MARGARET HOSPITAL,59,88.0,68.0
2026-06-01,NT429,PRIORY HOSPITAL,547,374.0,402.0
2026-06-01,NT430,RIDGEWAY HOSPITAL,399,250.0,196.0
2026-06-01,NT431,RUNNYMEDE HOSPITAL,268,194.0,136.0
2026-06-01,NT433,SARUM ROAD HOSPITAL,256,66.0,122.0
2026-06-01,NT434,SAXON CLINIC,782,164.0,246.0
2026-06-01,NT435,SHELBURNE HOSPITAL,125,82.0,84.0
2026-06-01,NT436,SHIRLEY OAKS HOSPITAL,1057,650.0,650.0
2026-06-01,NT437,SLOANE HOSPITAL,703,574.0,492.0
2026-06-01,NT440,THORNBURY HOSPITAL,730,410.0,292.0
2026-06-01,NT441,THREE SHIRES HOSPITAL,3728,1654.0,1514.0
2026-06-01,NT443,WINTERBOURNE HOSPITAL,424,138.0,180.0
2026-06-01,NT446,ST EDMUNDS HOSPITAL,394,198.0,266.0
2026-06-01,NT447,DUCHY HOSPITAL,351,218.0,208.0
2026-06-01,NT448,HUDDERSFIELD PRIVATE HOSPITAL,1120,1008.0,996.0
2026-06-01,NT449,LANCASTER PRIVATE HOSPITAL,284,246.0,258.0
2026-06-01,NT450,LINCOLN PRIVATE HOSPITAL,1198,612.0,594.0
2026-06-01,NT451,CAVELL HOSPITAL,1499,958.0,644.0
2026-06-01,NT455,MOUNT ALVERNIA HOSPITAL,255,158.0,150.0
2026-06-01,NT457,WOODLANDS HOSPITAL,2800,1628.0,1468.0
2026-06-01,NT490,SOUTHEND PRIVATE HOSPITAL,1234,786.0,874.0
2026-06-01,NTE02,ST HUGH'S HOSPITAL,2229,1394.0,1066.0
2026-06-01,NTP11,PRACTICE PLUS GROUP HOSPITAL - SOUTHAMPTON,10481,4418.0,4872.0
2026-06-01,NTP13,PRACTICE PLUS GROUP HOSPITAL - BARLBOROUGH,2017,1158.0,976.0
2026-06-01,NTP15,PRACTICE PLUS GROUP HOSPITAL - ILFORD,4736,3696.0,3730.0
2026-06-01,NTP16,PRACTICE PLUS GROUP SURGICAL CENTRE - GILLINGHAM,1072,1560.0,1366.0
2026-06-01,NTPAD,PRACTICE PLUS GROUP SURGICAL CENTRE - ST MARYS PORTSMOUTH,1937,3054.0,3220.0
2026-06-01,NTPAE,PRACTICE PLUS GROUP OPHTHALMOLOGY - NORTH WEST,1544,1120.0,816.0
2026-06-01,NTPH1,PRACTICE PLUS GROUP HOSPITAL - SHEPTON MALLET,2947,1880.0,1852.0
2026-06-01,NTPH2,PRACTICE PLUS GROUP HOSPITAL - EMERSONS GREEN,5409,3890.0,3454.0
2026-06-01,NTPH3,PRACTICE PLUS GROUP SURGICAL CENTRE - DEVIZES,2722,1940.0,2126.0
2026-06-01,NTPH5,PRACTICE PLUS GROUP HOSPITAL - PLYMOUTH,1575,2458.0,1502.0
2026-06-01,NTX,THE ONE HEALTH GROUP PLC,4988,3610.0,4028.0
2026-06-01,NV1,INHEALTH LIMITED,826,488.0,620.0
2026-06-01,NVC01,ASHTEAD HOSPITAL,1051,558.0,216.0
2026-06-01,NVC02,THE BERKSHIRE INDEPENDENT HOSPITAL,1096,556.0,298.0
2026-06-01,NVC04,DUCHY HOSPITAL,1730,674.0,478.0
2026-06-01,NVC05,EUXTON HALL HOSPITAL,3232,1394.0,760.0
2026-06-01,NVC06,FITZWILLIAM HOSPITAL,6455,2032.0,1244.0
2026-06-01,NVC07,FULWOOD HALL HOSPITAL,4115,2186.0,1128.0
2026-06-01,NVC08,MOUNT STUART HOSPITAL,2200,564.0,514.0
2026-06-01,NVC09,NEW HALL HOSPITAL,3486,1536.0,710.0
2026-06-01,NVC0I,BEACON PARK HOSPITAL,1184,382.0,352.0
2026-06-01,NVC0R,TEES VALLEY HOSPITAL,4112,2940.0,1828.0
2026-06-01,NVC0Y,EXETER MEDICAL,275,108.0,96.0
2026-06-01,NVC11,NORTH DOWNS HOSPITAL,1533,702.0,328.0
2026-06-01,NVC12,OAKLANDS HOSPITAL,3352,1572.0,934.0
2026-06-01,NVC13,OAKS HOSPITAL,964,296.0,316.0
2026-06-01,NVC14,PARK HILL HOSPITAL,734,440.0,256.0
2026-06-01,NVC15,PINEHILL HOSPITAL,1909,756.0,406.0
2026-06-01,NVC16,RENACRES HOSPITAL,4854,1390.0,514.0
2026-06-01,NVC17,ROWLEY HALL HOSPITAL,2354,782.0,740.0
2026-06-01,NVC18,SPRINGFIELD HOSPITAL,4412,1794.0,1084.0
2026-06-01,NVC19,RIVERS HOSPITAL,4242,1754.0,1142.0
2026-06-01,NVC1H,STOURSIDE HOSPITAL,2866,1540.0,720.0
2026-06-01,NVC20,THE YORKSHIRE CLINIC,7268,4348.0,1818.0
2026-06-01,NVC21,WEST MIDLANDS HOSPITAL,671,166.0,224.0
2026-06-01,NVC22,WINFIELD HOSPITAL,1384,674.0,356.0
2026-06-01,NVC23,WOODLAND HOSPITAL,4641,1800.0,1034.0
2026-06-01,NVC25,THE CHERWELL HOSPITAL,2197,1040.0,626.0
2026-06-01,NVC27,BOSTON WEST HOSPITAL,2353,980.0,464.0
2026-06-01,NVC28,CLIFTON PARK HOSPITAL,1569,864.0,638.0
2026-06-01,NVC29,COBALT HOSPITAL,2088,1068.0,520.0
2026-06-01,NVC31,BLAKELANDS HOSPITAL,2315,1192.0,652.0
2026-06-01,NVC40,WOODTHORPE HOSPITAL,3628,2108.0,1166.0
2026-06-01,NVC44,THE WESTBOURNE CENTRE,3163,1202.0,648.0
2026-06-01,NVM,EPSOMEDICAL GROUP,2926,2424.0,2376.0
2026-06-01,NWF01,BENENDEN HOSPITAL,1517,832.0,848.0
2026-06-01,NXM01,THE HORDER CENTRE - ST JOHNS ROAD,1288,202.0,544.0
2026-06-01,NXP,INDEPENDENT HEALTH GROUP,855,864.0,1136.0
2026-06-01,NYG,SUSSEX COMMUNITY DERMATOLOGY SERVICE,16318,15148.0,13984.0
2026-06-01,O1P6X,SPAMEDICA OLDHAM,617,598.0,760.0
2026-06-01,O5Y9D,SPAMEDICA OXFORD,165,180.0,266.0
2026-06-01,O6X7Z,SPAMEDICA CAMBRIDGE,411,386.0,460.0
2026-06-01,P0C3F,SPAMEDICA LEEDS,319,212.0,268.0
2026-06-01,P1B7M,SPAMEDICA BRISTOL,302,328.0,366.0
2026-06-01,P5Y6K,NEWMEDICA - SHREWSBURY,447,280.0,428.0
2026-06-01,Q1W6P,SPAMEDICA WATFORD,468,300.0,360.0
2026-06-01,Q8X0X,SPAMEDICA ISLE OF WIGHT COMMUNITY DIAGNOSTIC & TREATMENT CENTRE,27,16.0,18.0
2026-06-01,R0A,MANCHESTER UNIVERSITY NHS FOUNDATION TRUST,166898,83254.0,70982.0
2026-06-01,R0B,SOUTH TYNESIDE AND SUNDERLAND NHS FOUNDATION TRUST,59937,44106.0,36978.0
2026-06-01,R0D,UNIVERSITY HOSPITALS DORSET NHS FOUNDATION TRUST,67378,40416.0,30442.0
2026-06-01,R0F4N,NUFFIELD HEALTH PARKSIDE HOSPITAL,811,584.0,396.0
2026-06-01,R1A,HEREFORDSHIRE AND WORCESTERSHIRE HEALTH AND CARE NHS TRUST,31,34.0,8.0
2026-06-01,R1D,SHROPSHIRE COMMUNITY HEALTH NHS TRUST,8039,4606.0,4192.0
2026-06-01,R1F,ISLE OF WIGHT NHS TRUST,12768,7428.0,7078.0
2026-06-01,R1G7E,SPAMEDICA KENDAL,408,456.0,502.0
2026-06-01,R1H,BARTS HEALTH NHS TRUST,121533,59564.0,49324.0
2026-06-01,R1K,LONDON NORTH WEST UNIVERSITY HEALTHCARE NHS TRUST,81282,41294.0,32106.0
2026-06-01,R7W2O,NEWCASTLE NEWMEDICA LTD,869,874.0,894.0
2026-06-01,RA7,UNIVERSITY HOSPITALS BRISTOL AND WESTON NHS FOUNDATION TRUST,50868,29232.0,27024.0
2026-06-01,RAE,BRADFORD TEACHING HOSPITALS NHS FOUNDATION TRUST,31606,18220.0,16476.0
2026-06-01,RAJ,MID AND SOUTH ESSEX NHS FOUNDATION TRUST,165626,66410.0,59270.0
2026-06-01,RAL,ROYAL FREE LONDON NHS FOUNDATION TRUST,139530,64170.0,44128.0
2026-06-01,RAN,ROYAL NATIONAL ORTHOPAEDIC HOSPITAL NHS TRUST,8908,5682.0,4644.0
2026-06-01,RAS,THE HILLINGDON HOSPITALS NHS FOUNDATION TRUST,33277,16088.0,13718.0
2026-06-01,RAX,KINGSTON AND RICHMOND NHS FOUNDATION TRUST,40399,21110.0,18188.0
2026-06-01,RBD,DORSET COUNTY HOSPITAL NHS FOUNDATION TRUST,22644,11192.0,8878.0
2026-06-01,RBK,WALSALL HEALTHCARE NHS TRUST,27966,19516.0,16762.0
2026-06-01,RBL,WIRRAL UNIVERSITY TEACHING HOSPITAL NHS FOUNDATION TRUST,45369,21970.0,18332.0
2026-06-01,RBN,MERSEY AND WEST LANCASHIRE TEACHING HOSPITALS NHS TRUST,81973,44160.0,38210.0
2026-06-01,RBQ,LIVERPOOL HEART AND CHEST HOSPITAL NHS FOUNDATION TRUST,5667,3550.0,3586.0
2026-06-01,RBS,ALDER HEY CHILDREN'S NHS FOUNDATION TRUST,17095,8852.0,8714.0
2026-06-01,RBT,MID CHESHIRE HOSPITALS NHS FOUNDATION TRUST,28421,20084.0,18116.0
2026-06-01,RBV,THE CHRISTIE NHS FOUNDATION TRUST,3125,3778.0,4196.0
2026-06-01,RC9,BEDFORDSHIRE HOSPITALS NHS FOUNDATION TRUST,82592,38420.0,27588.0
2026-06-01,RCB,YORK AND SCARBOROUGH TEACHING HOSPITALS NHS FOUNDATION TRUST,56474,34654.0,24192.0
2026-06-01,RCD,HARROGATE AND DISTRICT NHS FOUNDATION TRUST,21377,14816.0,11466.0
2026-06-01,RCF,AIREDALE NHS FOUNDATION TRUST,14155,9060.0,8024.0
2026-06-01,RCU,SHEFFIELD CHILDREN'S NHS FOUNDATION TRUST,11355,8024.0,7518.0
2026-06-01,RCX,"THE QUEEN ELIZABETH HOSPITAL, KING'S LYNN, NHS FOUNDATION TRUST",25086,12066.0,6628.0
2026-06-01,RD1,ROYAL UNITED HOSPITALS BATH NHS FOUNDATION TRUST,39606,23844.0,18224.0
2026-06-01,RD8,MILTON KEYNES UNIVERSITY HOSPITAL NHS FOUNDATION TRUST,36206,18000.0,12504.0
2026-06-01,RDE,EAST SUFFOLK AND NORTH ESSEX NHS FOUNDATION TRUST,89788,39552.0,33034.0
2026-06-01,RDR,SUSSEX COMMUNITY NHS FOUNDATION TRUST,13214,4366.0,3028.0
2026-06-01,RDU,FRIMLEY HEALTH NHS FOUNDATION TRUST,66289,36044.0,34464.0
2026-06-01,REF,ROYAL CORNWALL HOSPITALS NHS TRUST,43280,30916.0,23298.0
2026-06-01,REM,LIVERPOOL UNIVERSITY HOSPITALS NHS FOUNDATION TRUST,62986,26558.0,26750.0
2026-06-01,REN,THE CLATTERBRIDGE CANCER CENTRE NHS FOUNDATION TRUST,713,732.0,1016.0
2026-06-01,REP,LIVERPOOL WOMEN'S NHS FOUNDATION TRUST,11700,6618.0,6646.0
2026-06-01,RET,THE WALTON CENTRE NHS FOUNDATION TRUST,14881,10642.0,6458.0
2026-06-01,RFF,BARNSLEY HOSPITAL NHS FOUNDATION TRUST,21978,14088.0,13404.0
2026-06-01,RFR,THE ROTHERHAM NHS FOUNDATION TRUST,29599,16904.0,13770.0
2026-06-01,RFS,CHESTERFIELD ROYAL HOSPITAL NHS FOUNDATION TRUST,27020,14154.0,12226.0
2026-06-01,RGM,ROYAL PAPWORTH HOSPITAL NHS FOUNDATION TRUST,5670,3596.0,2980.0
2026-06-01,RGN,NORTH WEST ANGLIA NHS FOUNDATION TRUST,76043,37374.0,29128.0
2026-06-01,RGP,JAMES PAGET UNIVERSITY HOSPITALS NHS FOUNDATION TRUST,31349,14344.0,12740.0
2026-06-01,RGR,WEST SUFFOLK NHS FOUNDATION TRUST,33330,15784.0,10810.0
2026-06-01,RGT,CAMBRIDGE UNIVERSITY HOSPITALS NHS FOUNDATION TRUST,59372,33838.0,30438.0
2026-06-01,RH5,SOMERSET NHS FOUNDATION TRUST,53524,29468.0,24588.0
2026-06-01,RH8,ROYAL DEVON UNIVERSITY HEALTHCARE NHS FOUNDATION TRUST,74068,39470.0,35582.0
2026-06-01,RHM,UNIVERSITY HOSPITAL SOUTHAMPTON NHS FOUNDATION TRUST,63326,34868.0,32104.0
2026-06-01,RHU,PORTSMOUTH HOSPITALS UNIVERSITY NHS TRUST,57558,30690.0,25386.0
2026-06-01,RHW,ROYAL BERKSHIRE NHS FOUNDATION TRUST,35155,20428.0,9080.0
2026-06-01,RJ1,GUY'S AND ST THOMAS' NHS FOUNDATION TRUST,110502,66178.0,57212.0
2026-06-01,RJ2,LEWISHAM AND GREENWICH NHS TRUST,57469,27462.0,21370.0
2026-06-01,RJ6,CROYDON HEALTH SERVICES NHS TRUST,37031,22104.0,18808.0
2026-06-01,RJ7,ST GEORGE'S UNIVERSITY HOSPITALS NHS FOUNDATION TRUST,69329,35924.0,30806.0
2026-06-01,RJ8,CORNWALL PARTNERSHIP NHS FOUNDATION TRUST,735,514.0,538.0
2026-06-01,RJC,SOUTH WARWICKSHIRE UNIVERSITY NHS FOUNDATION TRUST,31289,16938.0,12456.0
2026-06-01,RJE,UNIVERSITY HOSPITALS OF NORTH MIDLANDS NHS TRUST,72150,38634.0,32870.0
2026-06-01,RJL,NORTHERN LINCOLNSHIRE AND GOOLE NHS FOUNDATION TRUST,42014,20564.0,18142.0
2026-06-01,RJN,EAST CHESHIRE NHS TRUST,17182,7414.0,5264.0
2026-06-01,RJR,COUNTESS OF CHESTER HOSPITAL NHS FOUNDATION TRUST,32730,18556.0,14024.0
2026-06-01,RJZ,KING'S COLLEGE HOSPITAL NHS FOUNDATION TRUST,89950,49276.0,40458.0
2026-06-01,RK5,SHERWOOD FOREST HOSPITALS NHS FOUNDATION TRUST,32753,16308.0,13028.0
2026-06-01,RK9,UNIVERSITY HOSPITALS PLYMOUTH NHS TRUST,47271,32208.0,31646.0
2026-06-01,RKB,UNIVERSITY HOSPITALS COVENTRY AND WARWICKSHIRE NHS TRUST,72193,32156.0,24726.0
2026-06-01,RKE,WHITTINGTON HEALTH NHS TRUST,22839,16092.0,12680.0
2026-06-01,RL1,THE ROBERT JONES AND AGNES HUNT ORTHOPAEDIC HOSPITAL NHS FOUNDATION TRUST,23398,7722.0,9192.0
2026-06-01,RL4,THE ROYAL WOLVERHAMPTON NHS TRUST,72008,32380.0,32084.0
2026-06-01,RLQ,WYE VALLEY NHS TRUST,27486,13972.0,12310.0
2026-06-01,RLT,GEORGE ELIOT HOSPITAL NHS TRUST,19369,10398.0,8218.0
2026-06-01,RM1,NORFOLK AND NORWICH UNIVERSITY HOSPITALS NHS FOUNDATION TRUST,70643,30844.0,29858.0
2026-06-01,RM3,NORTHERN CARE ALLIANCE NHS FOUNDATION TRUST,133909,55078.0,39784.0
2026-06-01,RMC,BOLTON NHS FOUNDATION TRUST,37808,18708.0,12770.0
2026-06-01,RMP,TAMESIDE AND GLOSSOP INTEGRATED CARE NHS FOUNDATION TRUST,16793,12322.0,10492.0
2026-06-01,RN3,GREAT WESTERN HOSPITALS NHS FOUNDATION TRUST,42881,16900.0,16286.0
2026-06-01,RN5,HAMPSHIRE HOSPITALS NHS FOUNDATION TRUST,50470,35696.0,33670.0
2026-06-01,RN7,DARTFORD AND GRAVESHAM NHS TRUST,30461,16368.0,14776.0
2026-06-01,RNA,THE DUDLEY GROUP NHS FOUNDATION TRUST,47261,22488.0,19494.0
2026-06-01,RNN,NORTH CUMBRIA INTEGRATED CARE NHS FOUNDATION TRUST,34908,18084.0,17600.0
2026-06-01,RNQ,KETTERING GENERAL HOSPITAL NHS FOUNDATION TRUST,27712,16664.0,12912.0
2026-06-01,RNS,NORTHAMPTON GENERAL HOSPITAL NHS TRUST,39604,17544.0,17350.0
2026-06-01,RNZ,SALISBURY NHS FOUNDATION TRUST,29733,16352.0,14616.0
2026-06-01,RP4,GREAT ORMOND STREET HOSPITAL FOR CHILDREN NHS FOUNDATION TRUST,8382,3990.0,4670.0
2026-06-01,RP5,DONCASTER AND BASSETLAW TEACHING HOSPITALS NHS FOUNDATION TRUST,54327,28580.0,24704.0
2026-06-01,RP6,MOORFIELDS EYE HOSPITAL NHS FOUNDATION TRUST,39641,27874.0,26056.0
2026-06-01,RP7,LINCOLNSHIRE PARTNERSHIP NHS FOUNDATION TRUST,10,20.0,20.0
2026-06-01,RPA,MEDWAY NHS FOUNDATION TRUST,34991,16816.0,15094.0
2026-06-01,RPC,QUEEN VICTORIA HOSPITAL NHS FOUNDATION TRUST,21893,8686.0,8606.0
2026-06-01,RPG,OXLEAS NHS FOUNDATION TRUST,166,356.0,376.0
2026-06-01,RPY,THE ROYAL MARSDEN NHS FOUNDATION TRUST,1874,3458.0,4312.0
2026-06-01,RQ3,BIRMINGHAM WOMEN'S AND CHILDREN'S NHS FOUNDATION TRUST,21543,10734.0,10032.0
2026-06-01,RQM,CHELSEA AND WESTMINSTER HOSPITAL NHS FOUNDATION TRUST,73615,34002.0,26118.0
2026-06-01,RQW,THE PRINCESS ALEXANDRA HOSPITAL NHS TRUST,38558,20970.0,15542.0
2026-06-01,RQX,HOMERTON HEALTHCARE NHS FOUNDATION TRUST,26863,20832.0,15482.0
2026-06-01,RR7,GATESHEAD HEALTH NHS FOUNDATION TRUST,11492,9042.0,7276.0
2026-06-01,RR8,LEEDS TEACHING HOSPITALS NHS TRUST,85753,53080.0,42696.0
2026-06-01,RRE,MIDLANDS PARTNERSHIP UNIVERSITY NHS FOUNDATION TRUST,10291,11124.0,6966.0
2026-06-01,RRJ,THE ROYAL ORTHOPAEDIC HOSPITAL NHS FOUNDATION TRUST,13283,6762.0,5560.0
2026-06-01,RRK,UNIVERSITY HOSPITALS BIRMINGHAM NHS FOUNDATION TRUST,93337,56852.0,45984.0
2026-06-01,RRV,UNIVERSITY COLLEGE LONDON HOSPITALS NHS FOUNDATION TRUST,77928,40468.0,33786.0
2026-06-01,RT1,CAMBRIDGESHIRE AND PETERBOROUGH NHS FOUNDATION TRUST,84,20.0,12.0
2026-06-01,RTD,THE NEWCASTLE UPON TYNE HOSPITALS NHS FOUNDATION TRUST,86942,63550.0,49530.0
2026-06-01,RTE,GLOUCESTERSHIRE HOSPITALS NHS FOUNDATION TRUST,69868,40336.0,23796.0
2026-06-01,RTF,NORTHUMBRIA HEALTHCARE NHS FOUNDATION TRUST,39619,23230.0,15906.0
2026-06-01,RTG,UNIVERSITY HOSPITALS OF DERBY AND BURTON NHS FOUNDATION TRUST,96379,49736.0,38780.0
2026-06-01,RTH,OXFORD UNIVERSITY HOSPITALS NHS FOUNDATION TRUST,90587,44508.0,37972.0
2026-06-01,RTK,ASHFORD AND ST PETER'S HOSPITALS NHS FOUNDATION TRUST,54116,26588.0,21136.0
2026-06-01,RTP,SURREY AND SUSSEX HEALTHCARE NHS TRUST,50672,26804.0,19920.0
2026-06-01,RTR,SOUTH TEES HOSPITALS NHS FOUNDATION TRUST,57203,33900.0,27000.0
2026-06-01,RTX,UNIVERSITY HOSPITALS OF MORECAMBE BAY NHS FOUNDATION TRUST,35626,21904.0,16028.0
2026-06-01,RVJ,NORTH BRISTOL NHS TRUST,42365,28108.0,23486.0
2026-06-01,RVR,EPSOM AND ST HELIER UNIVERSITY HOSPITALS NHS TRUST,57011,31320.0,26352.0
2026-06-01,RVV,EAST KENT HOSPITALS UNIVERSITY NHS FOUNDATION TRUST,82404,36222.0,34900.0
2026-06-01,RVW,NORTH TEES AND HARTLEPOOL NHS FOUNDATION TRUST,23080,17672.0,16836.0
2026-06-01,RW1,HAMPSHIRE AND ISLE OF WIGHT HEALTHCARE NHS FOUNDATION TRUST,4483,4762.0,3694.0
2026-06-01,RW5,LANCASHIRE & SOUTH CUMBRIA NHS FOUNDATION TRUST,4222,3824.0,4190.0
2026-06-01,RWA,HULL UNIVERSITY TEACHING HOSPITALS NHS TRUST,84186,41264.0,39880.0
2026-06-01,RWD,UNITED LINCOLNSHIRE TEACHING HOSPITALS NHS TRUST,70211,29946.0,19856.0
2026-06-01,RWE,UNIVERSITY HOSPITALS OF LEICESTER NHS TRUST,115279,53608.0,50662.0
2026-06-01,RWF,MAIDSTONE AND TUNBRIDGE WELLS NHS TRUST,50748,28156.0,24680.0
2026-06-01,RWG,WEST HERTFORDSHIRE TEACHING HOSPITALS NHS TRUST,44946,21180.0,18390.0
2026-06-01,RWJ,STOCKPORT NHS FOUNDATION TRUST,34544,17738.0,15312.0
2026-06-01,RWP,WORCESTERSHIRE ACUTE HOSPITALS NHS TRUST,58515,30148.0,25132.0
2026-06-01,RWX,BERKSHIRE HEALTHCARE NHS FOUNDATION TRUST,102,76.0,112.0
2026-06-01,RWY,CALDERDALE AND HUDDERSFIELD NHS FOUNDATION TRUST,35682,22194.0,22170.0
2026-06-01,RX1,NOTTINGHAM UNIVERSITY HOSPITALS NHS TRUST,80092,36950.0,29634.0
2026-06-01,RX4,"CUMBRIA, NORTHUMBERLAND, TYNE AND WEAR NHS FOUNDATION TRUST",154,268.0,184.0
2026-06-01,RXC,EAST SUSSEX HEALTHCARE NHS TRUST,55945,32056.0,29422.0
2026-06-01,RXF,MID YORKSHIRE TEACHING NHS TRUST,55551,33972.0,29136.0
2026-06-01,RXG,SOUTH WEST YORKSHIRE PARTNERSHIP NHS FOUNDATION TRUST,4584,3980.0,3722.0
2026-06-01,RXK,SANDWELL AND WEST BIRMINGHAM HOSPITALS NHS TRUST,66744,32746.0,30978.0
2026-06-01,RXL,BLACKPOOL TEACHING HOSPITALS NHS FOUNDATION TRUST,40413,18040.0,13990.0
2026-06-01,RXN,LANCASHIRE TEACHING HOSPITALS NHS FOUNDATION TRUST,60692,28320.0,22994.0
2026-06-01,RXP,COUNTY DURHAM AND DARLINGTON NHS FOUNDATION TRUST,53479,29424.0,30916.0
2026-06-01,RXQ,BUCKINGHAMSHIRE HEALTHCARE NHS TRUST,47773,23380.0,19454.0
2026-06-01,RXR,EAST LANCASHIRE HOSPITALS NHS TRUST,47178,30992.0,24896.0
2026-06-01,RXW,THE SHREWSBURY AND TELFORD HOSPITAL NHS TRUST,37236,17394.0,18722.0
2026-06-01,RYJ,IMPERIAL COLLEGE HEALTHCARE NHS TRUST,84008,52180.0,45978.0
2026-06-01,RYR,UNIVERSITY HOSPITALS SUSSEX NHS FOUNDATION TRUST,116136,48170.0,42892.0
2026-06-01,RYW,BIRMINGHAM COMMUNITY HEALTHCARE NHS FOUNDATION TRUST,14961,10174.0,9912.0
2026-06-01,RYY,KENT COMMUNITY HEALTH NHS FOUNDATION TRUST,4203,2980.0,3798.0
2026-06-01,S1Z4X,NEWMEDICA - BIRMINGHAM,932,652.0,694.0
2026-06-01,S3H9L,THE HAMPTONS HOSPITAL LTD,739,650.0,626.0
2026-06-01,S4E3I,MIDLAND EYE (EYE-DOCS LTD),658,512.0,608.0
2026-06-01,T4I8V,SPAMEDICA CHESTERFIELD,167,162.0,254.0
2026-06-01,T8R5I,SPAMEDICA WOKINGHAM,221,266.0,284.0
2026-06-01,T8V3L,SPAMEDICA DONCASTER,439,366.0,392.0
2026-06-01,TAD,BRADFORD DISTRICT CARE NHS FOUNDATION TRUST,607,172.0,196.0
2026-06-01,V4U1Y,SPAMEDICA CHESTER,225,220.0,238.0
2026-06-01,V5F1D,SPAMEDICA TELFORD,459,272.0,332.0
2026-06-01,V8N5R,SPAMEDICA DALSTON,457,382.0,428.0
2026-06-01,Y8L9S,SPAMEDICA BROMLEY,666,486.0,512.0
2026-06-01,Y9S1N,FAIRFIELD INDEPENDENT HOSPITAL,1497,870.0,1184.0
2026-06-01,Z1E5F,NEWMEDICA - HARROGATE,293,214.0,190.0
2026-06-01,Z2L9B,NEWMEDICA - MANCHESTER WEST,345,220.0,228.0
2026-06-01,Z5J5V,SPAMEDICA HAYDOCK,352,336.0,308.0
2026-06-01,Z9Z1G,SPAMEDICA GATESHEAD,486,338.0,366.0
